{
    "providers": [
		
		{"type": "bitmap","file": "item/ranks/player.png","ascent": 7,"height": 7,"chars": [""]},
		{"type": "bitmap","file": "item/ranks/streamer.png","ascent": 7,"height": 7,"chars": [""]},
		{"type": "bitmap","file": "item/ranks/youtuber.png","ascent": 7,"height": 7,"chars": [""]},
		{"type": "bitmap","file": "item/ranks/tiktoker.png","ascent": 7,"height": 7,"chars": [""]},
		{"type": "bitmap","file": "item/ranks/helper.png","ascent": 7,"height": 7,"chars": [""]},
		{"type": "bitmap","file": "item/ranks/mod.png","ascent": 7,"height": 7,"chars": [""]},
		{"type": "bitmap","file": "item/ranks/admin.png","ascent": 7,"height": 7,"chars": [""]},
		{"type": "bitmap","file": "item/ranks/developer.png","ascent": 7,"height": 7,"chars": [""]},
		{"type": "bitmap","file": "item/ranks/owner.png","ascent": 7,"height": 7,"chars": [""]},
		
		
		{"type": "bitmap","file": "item/ranks/vip.png","ascent": 7,"height": 7,"chars": [""]},
		{"type": "bitmap","file": "item/ranks/mvp.png","ascent": 7,"height": 7,"chars": [""]},
		{"type": "bitmap","file": "item/ranks/legend.png","ascent": 7,"height": 7,"chars": [""]},
		
		
		{"type": "bitmap","file": "item/ranks/sponsor_rank_vip.png","ascent": 7,"height": 7,"chars": [""]},
		{"type": "bitmap","file": "item/ranks/sponsor_rank_mvp.png","ascent": 7,"height": 7,"chars": [""]},
		{"type": "bitmap","file": "item/ranks/sponsor_rank_legend.png","ascent": 7,"height": 7,"chars": [""]},
		
		
		{"type": "bitmap","file": "item/ranks/elite.png","ascent": 7,"height": 7,"chars": [""]},
		{"type": "bitmap","file": "item/ranks/vip+.png","ascent": 7,"height": 7,"chars": [""]},
		{"type": "bitmap","file": "item/ranks/mvp+.png","ascent": 7,"height": 7,"chars": [""]},
		{"type": "bitmap","file": "item/ranks/rank_icon_tiktoker.png","ascent": 7,"height": 7,"chars": [""]},
		{"type": "bitmap","file": "item/ranks/rank_icon_youtuber.png","ascent": 7,"height": 7,"chars": [""]},
		{"type": "bitmap","file": "item/ranks/staff_icon_helper.png","ascent": 7,"height": 7,"chars": [""]},
		{"type": "bitmap","file": "item/ranks/staff_icon_moderator.png","ascent": 7,"height": 7,"chars": [""]},
		{"type": "bitmap","file": "item/ranks/staff_icon_admin.png","ascent": 7,"height": 7,"chars": [""]},
		{"type": "bitmap","file": "item/ranks/staff_icon_developer.png","ascent": 7,"height": 7,"chars": [""]},
		{"type": "bitmap","file": "item/ranks/staff_icon_owner.png","ascent": 7,"height": 7,"chars": [""]},
		
		
		{"type": "bitmap","file": "item/logo/survival2.png","ascent": 17,"height": 45,"chars": ["섏섐","섑섒"]},
		{"type": "bitmap","file": "item/logo/survival.png","ascent": 15,"height": 80,"chars": ["셚셙","션셗"]}
    ]
}