{
    "parent": "item/generated",
    "textures": {
        "layer0": "item/leather_horse_armor"
    },
	"overrides": [
                {"predicate": {"custom_model_data":1},"model": "item/hats/tikihat"},
				{"predicate": {"custom_model_data":2},"model": "item/hats/witch_hat"},
				{"predicate": {"custom_model_data":3},"model": "item/hats/vikinghat"},
				{"predicate": {"custom_model_data":4},"model": "item/hats/vikinghat2"},
				{"predicate": {"custom_model_data":5},"model": "item/hats/vikinghat3"},
				{"predicate": {"custom_model_data":6},"model": "item/hats/chapka"},
				{"predicate": {"custom_model_data":7},"model": "item/hats/bluebeanie"},
				{"predicate": {"custom_model_data":8},"model": "item/hats/dino"},
				{"predicate": {"custom_model_data":9},"model": "item/hats/sunglasses"},
				{"predicate": {"custom_model_data":10},"model": "item/hats/antlers_2"},
				{"predicate": {"custom_model_data":11},"model": "item/hats/arrow_hat_model"},
				{"predicate": {"custom_model_data":12},"model": "item/hats/bunny_ears"},
				{"predicate": {"custom_model_data":13},"model": "item/hats/tophat"},
				{"predicate": {"custom_model_data":14},"model": "item/hats/wooly_hat"},
				{"predicate": {"custom_model_data":15},"model": "item/hats/strawhat"},
				{"predicate": {"custom_model_data":16},"model": "item/hats/miner"},
				{"predicate": {"custom_model_data":17},"model": "item/hats/halo"},
				{"predicate": {"custom_model_data":18},"model": "item/hats/facemask"},
				{"predicate": {"custom_model_data":19},"model": "item/hats/crown"},
				{"predicate": {"custom_model_data":20},"model": "item/hats/cap_model"},

				{"predicate": {"custom_model_data":100},"model": "item/backpack/verysmallbackpack"},
				{"predicate": {"custom_model_data":101},"model": "item/backpack/smallbackpack"},
				{"predicate": {"custom_model_data":102},"model": "item/backpack/mediumbackpack"},
				{"predicate": {"custom_model_data":103},"model": "item/backpack/largebackpack"},
				{"predicate": {"custom_model_data":104},"model": "item/backpack/verylargebackpack"},
				{"predicate": {"custom_model_data":105},"model": "item/backpack/bigbackpack"}
				
	]
}